arrival_rate,service_rate,servers,max_customers,avg_wait_time
4.071028968994336,1.3924242256146582,1,117,1.1381300932921834
4.765310511384708,1.0155278691974192,4,187,0.0
3.746675884552593,5.087275791978224,2,51,0.4429797638998234
1.4476556895853165,5.793262063368422,2,171,120.80612143089965
2.2043489898183357,4.120533059346116,2,144,16.58915053116176
2.245128776562477,4.030512186609291,4,199,0.09072738747382386
3.5275432327823992,5.037418514058976,2,91,4.455726316852607
1.0492413623720411,4.257441131632198,1,51,83.31369295743974
4.527288283927068,3.850548300082573,5,159,0.0
2.219670004612342,5.987105929398984,5,107,0.46688217865890774
2.0979284590025373,3.2746825471231125,5,149,0.024893917480005176
1.7160011439104355,3.6998525337743633,5,170,0.10066259566597704
2.7316258782653597,5.053425729884545,2,108,10.40955468360287
3.5542838596095354,2.4481764916038866,5,127,0.0
4.685494049440145,1.593407894110893,2,117,0.05206523524601995
3.8352038463465745,2.7791583470095347,1,166,1.980576556221893
2.0190019024403023,1.5532666483893305,4,93,0.0
1.5849327849799764,2.8891620009629646,3,122,0.3791062160794215
2.4017714291973036,5.232264877107244,2,120,4.507766634786626
4.566709795480731,3.4012006695427095,5,107,0.0
4.431823075542084,3.421581683649082,4,146,0.00933445609845256
3.4165268538728735,2.103823611984132,4,119,0.0
3.709049069686633,1.6219041482214294,2,108,0.05553766447419867
3.7315845108263628,2.7008127514697953,3,122,0.010569338164078521
1.8441029525390351,3.3196256155603816,3,145,1.0426923114135254
3.6009232099954462,5.480856062259728,3,110,0.8080364352231892
4.819712800557685,2.356455976409144,1,167,1.6289411596783951
1.0104431423361384,1.7948296665488408,5,154,0.03854001958456184
1.552475699172399,5.942553304850371,5,76,0.5488670654838945
3.066165587431491,2.2832455509380547,5,115,0.0
4.036051043952337,1.5855907360419206,2,147,0.20186452100654992
1.2171101840695795,2.7905001109243415,2,115,5.094341591934884
1.2987979020691616,1.9583324831141455,3,76,0.47192126148709374
3.3827324010899265,5.668966058046565,1,73,93.87163878380053
2.209857806117602,4.072118247209399,1,123,105.32181374166517
4.543337577207117,1.8513889419572962,3,92,0.0018138467053322208
1.8020404151910925,1.6796761686155066,4,141,0.013236174626326015
1.6367472837381638,2.7553855641954415,1,163,88.33989041481226
3.6791346800370075,3.891443397475806,5,200,0.0068076470954846965
1.2983405957394183,5.074205726255936,1,136,255.00022779887556
1.8653060903579641,2.7474630513651004,4,64,0.07449241364511472
4.149119441294646,4.617071041128949,4,153,0.04402695073242053
4.853748706725982,1.6499390200612998,2,195,0.04239590198741821
2.119925582726303,3.358023829516458,4,192,0.06886499649549845
1.1370433154314914,5.306560372396696,2,142,104.07730656681738
2.252797703977743,5.539598740007244,4,102,0.4809531888318635
2.2754199708214635,2.5847751126420437,1,185,67.55903672993169
1.3978142305343826,1.7631956438564513,4,93,0.00597342093076484
2.5885387821658847,2.5510699573597613,3,56,0.05183639946372561
4.453140997294594,5.596809542532373,3,70,0.3000642659970835
1.5055529573515978,1.2839823522435458,4,170,0.0
2.78585726161862,5.4308105391774495,5,83,0.08623024175777705
4.157372761854367,1.750116115659318,2,115,0.12849799283084276
4.5465403812611225,4.928610274762759,3,193,0.19098385292035586
2.4970630327317247,3.7176852275944885,4,191,0.09688411716983855
3.878153234249174,5.087426152740875,2,66,3.901108825435184
2.80136529200741,3.688986653259658,3,64,0.09830407315933865
3.747789484161907,3.6378734297653783,5,168,0.0
4.970346661423158,2.027388840683151,4,179,0.0
1.3051837175661918,2.502480355528959,2,72,1.814165904397135
2.0711339914286064,4.285766405025652,4,179,0.2111052492936941
1.5173629782695062,5.948552136218637,1,106,183.4654277621725
1.9940139338308018,5.7669693398268675,1,197,379.6717617875841
3.912172355359753,4.0928959538142555,5,168,0.0201342928812431
2.397632253066395,5.2566425182561085,3,121,5.062031460205431
1.6834173172928923,1.8266606298696337,4,115,0.004297231500766963
4.044543629599796,4.778452552300124,4,192,0.05799331439063297
2.355510806854217,5.407590991924057,4,176,1.2934079915442553
3.2896465379209126,4.354371692341,5,87,0.09047244603344382
4.444543875557168,4.721453515406272,1,97,51.5130560013351
1.029342098149221,3.518046248495802,1,60,70.41242471374248
4.982994553164973,1.055482002824574,3,164,0.00018629989285422774
2.0426576152248304,5.36527513255406,5,138,0.20882070110921594
1.0863658598305834,2.101034820802587,2,180,5.157080027620373
2.1584720289631627,1.6175860186800797,4,131,0.0
4.997629340256159,1.306097378012109,5,62,0.0
1.265193589426136,2.523172956754215,5,51,0.0
1.171640066284994,1.9203709009693328,3,112,0.09944732990008072
1.6400701409483482,1.6922751227342587,2,87,0.6033822610444821
2.912464660601782,5.3619241086187825,2,54,7.844540291587322
4.832864358358793,5.339991736717298,5,65,0.0
1.180888591737152,2.3489603090192177,4,67,0.08992245637064888
4.055995100892807,5.148837108067902,4,177,0.05367736282070314
4.354197370249583,1.643073957504936,1,157,1.1886823189851352
4.800372584519191,2.8041011801602753,2,180,0.28625111725674074
1.5819703975171402,5.290715194285387,4,86,1.188618480212413
1.174769573345527,5.121221236307197,2,69,48.846461320293464
1.9451906929765999,3.170564708942986,4,92,0.020195888552442882
3.385339950132164,4.350239779279992,4,198,0.05137133724253132
1.1973920560631135,2.2608039856594173,2,124,2.9228144829305402
2.115027479739507,2.2684058245301806,1,144,43.79989015753833
4.1857675523553874,2.950420583075137,2,82,0.3213830040443446
2.9583936399644384,5.720593741139584,4,134,0.1372380470305731
4.6024429006039025,5.02757409489845,2,193,5.268480808464447
4.652579152815373,5.115497943983344,5,65,0.010961537298241206
2.694084715093992,1.5673852756830238,5,196,0.0007857838846750205
1.1721895971704237,4.293641701571376,1,60,86.78811656873373
4.942089184438473,3.8825253622972236,4,52,0.0
4.557578778304157,2.8677375279667747,3,173,0.013054493972667927
1.741421393541423,4.038951257678324,2,98,12.762104965525879
1.069789511503307,1.7548802422942902,5,142,0.012181657843221347
2.7073794142935808,3.3557498312133713,5,180,0.0
2.4192305205663294,4.447799458989174,4,141,0.26479298379929517
2.070477247671695,3.038699660731542,3,142,0.21477313180625157
4.084857238936419,3.774631208953702,4,136,0.086574645323786
1.956685054460618,3.5881991420804082,3,119,0.5665910902152086
2.047959816423412,4.726639021797022,1,143,159.3267234103775
1.5229906953483088,4.285797872861189,1,87,97.07504677645446
1.341245816633438,2.719497946428099,1,130,103.71802550554712
4.324051408271946,2.0393061656996014,1,146,2.2632966851839043
3.702660065070306,1.2649669200021902,4,171,0.0
3.0342520560172943,1.259550922672978,4,146,0.0
3.1871613880192355,1.333175258971422,3,68,0.0
1.7574914437762001,2.3426561131204835,4,182,0.012644916076034072
2.323130497485429,1.9619685150910207,2,172,0.31580442429162675
3.8132477065311634,5.7859258804957685,2,86,19.531999986954748
2.9005748384978296,1.06851784803233,5,65,0.0
2.3747051660769505,5.21001525114955,1,164,306.42032124508086
1.5942932651960775,4.3751830455299485,2,101,34.17820458367695
3.897945266684826,3.234588307658142,1,121,11.727747807966995
1.2076885158998096,3.366416133214378,3,68,9.520054823737356
3.9125792454513424,5.556241314341086,5,116,0.0
1.3230748744490226,2.6357384500905265,2,168,11.61633296186396
1.9918963834061985,2.4465677662201593,5,128,0.0053398100450543495
2.2465548830926303,5.790008680025234,3,115,7.573451347940685
3.2639742223523265,5.816818296171091,2,131,10.445334567179192
1.9071167623167269,5.0626157768589986,5,172,0.6158322281838824
4.949404957539518,5.090982690145812,4,133,0.03413101122862821
2.8406011144805374,2.787568481352793,1,90,12.353307101565605
1.3832307850174796,1.4268012818108424,5,167,0.0
3.8049630015937517,5.674150356124993,5,186,0.029152141868991982
2.4585296115670863,4.194085128308008,3,73,0.16069386043683734
1.57834287941657,1.3860157206457437,4,146,0.0009928661440349667
3.3523031872700577,4.001162602541743,3,172,0.09858306444038599
2.6104751882310495,4.380658362237743,4,63,0.03224779793280442
3.829082849286441,2.4063244881506964,2,190,0.33713405013100395
1.833571966090882,2.2377826705394233,1,81,25.285351932756402
1.9267152271987307,5.606315391886301,5,150,0.14876165632403265
4.341681139044558,3.3985317114205245,5,166,0.0
4.189248291409605,1.5375206227600127,4,93,0.0
1.159444338314954,1.7538159056173777,2,185,0.8082516253523814
4.459074398795539,5.612310729590336,4,152,0.049378164341305444
1.412991912477326,3.8666296949517407,5,98,0.0229995847093206
3.422647085138482,2.7811453629131266,3,136,0.004800687756604602
2.014173439461506,2.3923752074784366,2,124,1.3977252949995163
1.9708762649349247,4.3878702568892365,4,106,0.5196979894701678
1.9419476069562762,3.6764232747355123,2,79,26.0284331622938
4.519420502510415,1.8037469551638114,1,143,1.5730487777511524
1.9916503249508843,4.011792604314454,4,86,0.2566651257986266
1.8153977784454,2.882507804755238,5,182,0.004351113063386839
4.352534907201639,2.12587223995195,2,83,0.01825700588470447
1.8885454623252182,3.8410615883555996,5,169,0.001738021271197352
2.7844542937628507,1.7109288977044337,3,199,0.006652852507216097
1.8029679140319326,2.680449287062374,3,171,0.7290652076918163
3.17314657029225,5.567153150945259,4,75,0.05838962096121691
3.0676908876373927,4.795693751468688,3,167,1.553310780701743
1.5092505657054907,1.5370658140322437,4,91,0.08099672938485572
2.6716500648955064,3.8004395549854784,4,121,0.0038808977030661226
3.806327228321048,1.8762159887258814,5,103,6.985011759807711e-05
3.996271929674051,5.9985503481031826,3,185,0.5288432357196805
2.15619979701862,1.2114626500532402,1,148,1.8174091970091517
4.915449209488202,1.9934439008630842,5,174,0.0
1.3248196944880144,5.116716293002031,5,98,0.6637389630615363
4.051212741543085,1.5440442108660597,1,77,1.7995933700944446
2.8578158548005392,3.546375480516615,1,109,58.9847850645497
3.4495560816238697,4.2107144685073585,1,84,9.601596162843997
2.6283418677998163,2.562175122794604,3,162,0.09996209735230317
2.8541951109670176,2.790659445732732,1,126,5.0107163058156425
1.0763937021763823,5.4017592598980935,3,81,22.88338184921595
3.102599312383025,1.6354638621158193,5,189,0.0
3.829016799297948,3.938658488067613,1,175,68.29658969876564
3.361429384548734,1.5739615203202064,5,169,0.0
4.050119307856204,4.2362059819700395,3,175,0.13290212256528208
2.1429761460144423,2.385004112280255,4,121,0.0014221879374837752
2.50964856697403,3.858847108392799,3,75,0.6113803897741826
1.5057004117989083,2.9000440638808507,5,136,0.006893230010481901
4.811434732814796,2.8242960210464263,2,156,0.11312696169430832
3.9956796009789386,5.821872699483459,5,143,0.009929562196870594
2.368343039802075,3.4675303514164293,4,164,0.0625045179643448
3.4752092168125674,2.4629983406069718,4,193,0.0006749250529673747
4.0268122456206275,1.02482305176695,3,189,0.0
3.622562701233221,1.8010583485519147,2,63,0.11057447026428216
2.7832817096707596,1.307104539190159,3,157,0.004477713494534661
1.6782273900467586,2.0431862468174327,3,127,0.09827654961931442
4.609065070592971,2.5067663716538284,3,87,0.008716388716469209
4.2795908400427685,3.9059983638555953,3,198,0.03962060416228027
2.4112553012021034,4.148490347231105,3,176,0.5906909717318141
2.4720098483486215,3.011820672887348,1,115,34.83072070516435
2.0495951503255534,2.9469216317212696,1,92,37.754266960596375
3.422691588827876,3.609844670426464,3,122,0.09115388310383361
2.3929268776021506,1.1057989880628374,5,194,0.0
1.8269039310637778,1.987431112809819,1,53,6.082747490660497
2.3492682629820387,4.246144915813748,5,181,0.07490002753729261
1.7083783213418822,2.2322629526877056,3,151,0.5387614460702131
4.701444286403666,2.1440382524722077,1,70,1.5124313775377702
4.035324936987321,2.5770825045043058,5,126,0.0
2.4572474577864196,2.2445972447205462,5,165,0.0
4.150920566446013,4.6536826251897665,1,167,19.65813092807692
2.953370673827169,2.366937245889741,3,193,0.01520121434067517
2.6853458208256256,4.064396402868272,3,157,1.0001461030995504
4.0755425038701745,1.608757186196267,2,187,0.05645764617740227
4.699192487821006,5.763099355095938,5,194,0.0
1.3937028231851447,2.159382255473477,5,108,0.0
3.5615004853349554,1.933289366280492,3,79,0.0024355219001744597
3.126691431631325,3.5091594096490932,4,199,0.023594064434752576
3.3739735520391707,3.1060332891213656,1,83,10.132523956111058
2.4341905744461148,5.381533382301369,3,50,0.9711198039222555
2.7681041072769355,4.276411752919621,2,115,3.333749035009408
2.10832771745521,3.2320066947447774,1,132,83.76589482088765
3.781107091621576,1.1083231867429717,3,136,0.0
2.3387459087117324,4.1317937816723,3,114,2.453813525491119
1.586605029080744,3.7608175569380693,2,95,16.597639775733438
1.8751786256646468,3.3659319764810838,4,77,0.17086051651187534
2.6175881881949525,3.776610312317898,5,116,0.0009003177105340349
3.108339691396222,3.067803327580208,2,121,2.0471234647505208
1.9696242071256114,4.219636800092639,5,124,0.1421090936364431
4.133181326626422,1.0332495762501468,5,87,0.0
4.767631090812808,3.3588431058553234,3,193,0.07430849224436706
2.283565919299747,2.12365659575679,3,68,0.0
2.090611320572172,5.180613053119682,5,91,0.41502075727015975
2.358768783572986,3.6862123331799777,4,99,0.05677940876403014
4.532635055621968,2.874467910812415,3,200,0.017770544064221155
3.0494452587359273,3.059300655423117,2,67,0.5995441539859921
4.557364393536277,1.8150233148849058,5,69,0.0
2.2514763287568273,5.783084054182237,1,83,143.5593676781759
2.001823214169788,3.007138378526232,2,102,3.5329680669208123
1.3476800642942228,2.0623981614970606,1,55,9.489496494769137
3.245872554087469,4.031072180867742,1,191,78.31586861791533
2.2519759934660315,3.1685298360073126,3,70,0.0952672385999442
4.258171653486168,5.15465018402731,3,156,0.7023215886868429
4.1855788059266015,5.701757154727023,1,59,40.832035782587155
2.453164191256889,5.72761246753233,1,171,296.8507377053726
4.157233385527591,3.322453574982315,3,162,0.09738186442701101
3.7012309442375253,1.4992085468749892,2,193,0.02710337745512081
1.6743596452953682,2.51772669897988,3,65,1.8844259556859124
1.308266266405496,3.5075281067207413,1,131,133.3897136421292
4.939378783586667,3.3083155041831613,5,65,0.0
1.1485147085928995,2.919383246975937,3,87,1.7347690396628435
1.9544380175801592,4.134146228850238,1,111,126.15911170172308
1.029552916731372,1.0776596539542973,3,93,0.06687655555452805
4.866495603769311,4.0400944310085425,4,192,0.00047880198960677706
3.4767645284358677,4.3871496769285505,1,90,54.063881721951674
2.1762277924174436,2.552985894852629,1,88,20.251255613105602
1.960353767288081,2.2069793918698095,3,67,0.08047879465838591
2.176049725056847,3.9433412863286286,1,53,60.29461422953364
4.349427146540734,2.3883753170523776,1,105,2.230140225394764
2.2215908608123147,1.4540003011173188,3,96,0.004213467931557376
4.0677237146287855,4.865132338786022,5,119,0.0
2.955435074996425,3.8591721814258726,2,51,2.9555953653869618
1.2434955533207956,5.652606479268056,2,163,108.19746256021267
4.0111131597083505,5.229383759867327,2,89,1.3771582320432283
3.1816544981679815,2.2640037979837033,1,133,6.584636595492655
3.5919525257606866,4.357757591110608,4,119,0.0411654029551768
1.1983119258809296,1.9457221667501274,4,152,0.13905661501516556
1.5961424275008924,4.60956151075642,5,98,1.2274954636093534
4.607916021276868,2.188320144005382,2,99,0.015429179183234448
1.128098909435026,5.531696272520087,2,79,59.90528250564855
1.9676566065686352,5.788081705131586,1,109,289.8457416907195
3.2475316294766543,3.7035822880861553,4,113,0.0
4.854662702823285,2.7526677013353913,1,101,2.3355202020045494
1.3433213432572177,2.2215467314375212,3,115,2.1604771597212045
3.538631293609248,3.151540347915788,4,68,0.0
1.80116986062104,3.6651956641209833,4,133,0.43359361697304427
2.864995382233483,3.9436800441897497,4,96,0.027598241072674796
4.425916502119138,5.2757051175694825,4,81,0.0634858368047962
1.8398973051240022,2.337233423703683,2,120,1.2018237680528503
4.018183837589257,5.9401826021089725,4,125,0.18462852866694737
2.9760496774835015,3.783959385412352,4,167,0.03762947033887862
4.137997960784098,5.285797537941248,1,66,31.56766613191638
4.265701190802071,3.163658096484208,5,184,0.0
2.8984565463274445,4.596524650778104,5,144,0.0
1.1392386752943304,3.4141843409018673,5,138,0.4575860363226571
3.728412495614601,1.5488651084698248,4,134,0.0
2.035119626779324,3.9163653990112275,2,124,19.424514287045664
1.267242595165527,1.7814767518123928,1,114,29.227170602572457
3.1995144564891365,2.074938569289766,2,191,0.30084513348590775
1.0772568525985617,2.6273094983299536,1,111,95.73635183719918
3.3349266183357806,4.871869651950533,1,180,164.56932032204236
2.5275804074228096,3.1424565845142656,3,87,0.07065981678277343
2.387498791431586,2.2704229756044643,1,66,5.327176508021323
1.821467807112243,2.828308491217166,4,178,0.07992803788554873
2.1598841139735225,4.312682556092434,4,90,0.57039864030575
4.304233742678168,4.215905731305052,5,132,0.0
1.507381097778818,4.1277711027951955,3,138,3.653886446217869
3.797318365515346,2.425102181961648,4,60,0.0
3.1407979786419733,2.266239559726712,4,180,0.0
1.688699020075144,1.5184867806985238,5,194,0.0
4.438099015641297,5.476691687479482,2,122,1.4161176494901593
2.773752190826329,1.5666794999444664,2,143,0.30043340870623103
4.144676166453532,4.014176299082267,2,118,1.303453020449072
4.114243683326329,5.173457627697171,2,85,2.2422486113273514
1.62504065746323,5.83763219450412,1,140,311.4063705749733
3.0164834625191848,2.258581486917432,5,180,0.0
1.5773478463936903,1.0615260280322427,5,166,0.0
2.4138822045623027,3.2855818037453925,3,139,0.13306897068191456
3.4810081759901506,2.4634504537619675,4,112,0.0017341450603957245
1.8792886756496068,4.280758998229652,1,111,140.60402841096717
4.0543664800781904,1.0912716340493247,3,122,0.0
4.069393544784125,4.9232388278675785,1,121,83.58130992294797
3.518996109238842,5.776059220127763,4,166,0.07493842705901194
3.5382923884306776,4.648682588503336,5,121,0.0
3.270088383221158,2.9090807663108285,1,148,15.088079750612476
3.008478552327832,2.2994376582258216,3,143,0.0
3.2929661024708072,2.4678341014459613,2,161,0.4846230434985417
2.2963148832933906,5.006199079450971,5,60,0.09634263419084826
3.8093999392679367,5.070096817322791,5,96,0.0
2.1230080758378493,5.975798971030829,3,162,3.6120837273366218
1.9009682455432118,3.382049426978816,5,142,0.03469546122481404
3.040683921554272,3.366865340337758,3,96,0.2539648845972226
3.3272089294124525,5.606701779168541,4,168,0.18682896720782735
4.891520913327584,3.6373383300286832,2,158,0.5085378176373311
1.2646841118907801,2.1583423373282686,2,68,4.0026499182593
2.720458289619738,5.649453474348679,3,98,1.0942007479828944
1.9416350572532113,5.65637790237404,2,120,33.62762271408146
4.183833170695245,4.029018424196218,3,77,0.06475894233765214
1.3923613058192483,1.322791518497797,5,157,0.0
1.1884513766743061,4.003046969104616,2,67,18.313086459262767
1.133878005351034,2.59240711469129,2,136,16.79140904901905
2.9900354016408053,1.6290507125506029,3,146,0.005790296835580458
4.819961071669683,1.4033185758850983,2,138,0.055209299222043144
2.111600906051797,2.334063425678042,1,171,16.512576864189462
2.530444255641283,5.811813331732083,1,94,101.52072942385831
1.4209123763390097,1.2613721557186444,1,81,7.404639395337504
1.2580813279504461,3.3711244373308267,5,196,0.11148043339006689
2.576011422990109,4.073692577641161,4,133,0.47212548873881083
1.654325383680232,5.855458598794543,4,137,2.806628298046628
1.0794893238342969,5.046568804848455,3,126,26.262627331080605
2.537289483580857,4.0956301887762425,1,200,200.08729490652723
2.105891005388383,2.335421511747244,4,125,0.0018344765533805116
3.706027548759534,2.798082155299747,3,69,0.0
1.3047876048031033,3.7780918907393164,3,161,8.146228235279002
1.6132197613453116,1.284699340791354,5,133,0.008720825199869529
3.7242769700151817,5.570420932760983,3,163,0.2498707545278342
2.5452868835776106,5.242637210324626,5,109,0.0002648335551151389
2.2283137450758375,4.037470483976361,5,109,0.27108819210667306
3.2205117708069873,2.335672461154557,3,110,0.008140848942077448
2.6022955874501106,3.342032795360919,2,171,3.7941945453017083
3.447129399385637,2.6145408981175042,4,149,0.0
1.0794951137124187,1.7247613709484062,2,170,1.425513208363745
3.9961808379329513,1.854009330620444,3,98,0.003918794113792472
1.6785506030469577,3.719527885417306,4,62,0.24491702841968338
1.9693335646336316,2.6721934646126915,4,188,0.061074392685983254
3.587923411721148,3.808438359560485,3,178,0.022496361010882385
2.7202171703643865,2.9083132736010344,2,198,1.3606452731208953
3.173362508691957,4.4473610954550615,5,56,0.0
3.8798218468334364,2.354925994960599,3,119,0.13568304874355588
3.281100809870939,5.031178521039804,1,165,127.25749255608861
1.3149631392734578,4.2988101935213106,3,101,7.0970993131559785
1.794265141123787,2.2118864454894345,4,60,0.0020285886590945285
4.23944264642825,5.470051041499914,3,164,0.12444992475585202
3.429468364762321,3.4911070840801997,2,147,0.7534166811715833
3.686426528712177,3.7316554564409925,3,189,0.34366249863079695
1.1669675337952587,4.244621570596252,3,181,40.48314437009449
1.7048709565539584,1.4294104383578672,3,170,0.020388635780757395
4.476993324102651,1.947780894937279,2,86,0.08816688453544003
2.768427197171165,5.854327161606752,4,125,0.05356143230859328
3.1704118095858016,3.622497078636247,5,190,0.004386546063668855
3.2260196165473958,5.485911164769044,5,54,0.010695506459466486
3.145208571417649,1.6018088044179715,5,156,0.0
1.8074479527685456,3.4069906709040993,5,98,0.0
2.3009075471760037,2.4796938827660155,1,77,13.750305805358673
2.3138696879625074,5.076008153671699,5,176,0.22310630646999338
1.8716815103447888,5.993198464679227,3,82,1.5813178290033578
3.4286849492575815,2.1529714565237152,2,168,0.3914583959823767
1.1695206584366868,2.3015549717111643,3,74,1.7986154191613697
3.5408641397131575,3.0331023983718883,4,109,0.0
4.148609216117978,5.1045821655989245,1,150,116.45386723117073
1.8785361053643772,1.5811088730869574,1,182,5.784019075580595
3.9624395026851964,3.354102238987715,4,186,0.009670462326854189
3.617785871330174,5.169850971641136,4,171,0.15462406467350218
4.9242552703583105,1.9062500869306411,4,185,0.0
4.498969495804197,1.191412307147505,4,113,0.0
4.2588687938766805,2.904072877741263,3,186,0.1254774918510031
3.755435234500526,3.582302182276921,3,76,0.17050632123869672
3.6030622163310784,3.792604394993114,5,194,0.0
1.8060036532807024,4.155502693180866,3,57,1.5120807162162404
3.029396596884125,4.937893258354615,3,107,0.9692035657071846
1.3121508911704045,5.357542307898138,1,89,251.03955359880425
3.363615367957743,1.639005987214483,4,56,0.0
1.4775039731353403,3.8937667645386917,2,134,64.24482716718946
4.495639142610564,5.320806956336026,3,69,0.10026862620663937
2.0450974263613295,4.694271236504749,5,59,0.042128296141203406
4.100205432724641,2.4720720267567513,3,55,0.0
4.468004585275069,3.533930629184499,2,135,0.1767005977344594
1.3573156260604122,2.6661648239164317,1,133,63.74301065780094
3.2974921406707196,2.452184780793784,3,122,0.013988436788313349
2.9095087756180975,1.8169266236401906,2,188,0.10554837463073637
1.6210218984066094,5.494099711300034,5,127,1.2620696928661883
4.3205467326447335,2.891596798314989,1,95,2.0808367547480047
2.8024427389285216,5.796335263412987,2,152,27.53758188078737
4.388092547958571,5.321949337322728,2,162,2.56815576901579
4.762893385785379,5.80092815979265,2,115,1.9750034475049
2.3486705135176678,1.1572991498677374,4,77,0.00012251555960733935
4.238871472932518,4.6261712217419095,3,161,0.22323727348333752
1.8705677917386252,5.431420540195965,2,167,57.77831890531788
4.301274229001188,2.0523158245923323,4,166,0.0
1.754546495732738,4.2933201720736625,3,71,1.0930698527277873
3.9313198634213475,4.536822311167073,1,131,9.177395898557455
4.958343219847155,4.262780179668038,5,133,0.0
4.060816445283794,1.4247117885525675,1,66,1.4634671019733516
4.3252671039974775,5.332757357357325,1,106,49.78835279703403
1.6572826704518193,3.3228903524084865,1,186,167.66662577136552
2.974581475020493,4.395969212662907,2,160,4.387182208582827
2.862709821735206,4.376891400465139,4,190,0.17775102347068678
4.477564121238522,1.2542732120792097,4,176,0.0
1.1143779667145908,3.9663099462660325,4,139,17.15598258299573
4.362544098569149,1.7703730914696267,1,194,1.1047830021602105
3.620971383559026,1.256824264197385,5,164,0.0
2.9422498731670403,5.643327353215733,3,183,9.13347551125032
1.6939441000812714,2.281309214583449,1,57,17.355231742962538
2.8748762536991688,3.983927621060798,1,158,88.18303406439549
1.1214116173103235,4.592977760669164,2,196,61.933006106441894
1.240798326857528,5.8103703265076945,4,96,5.302019379651965
3.0322948321282666,5.8123703946838345,5,117,0.002628187383621503
2.935750719347108,3.7379454079233763,4,57,0.0006134672990624455
2.607945332126118,4.899574962132765,4,172,0.06979830772835073
2.099654191225762,3.7036303359358813,4,85,1.5111453143646254
2.1498325891648338,1.8425790209717032,4,163,0.0
3.20510032144611,4.283517762773992,3,163,0.3110537895718844
1.8188258984077357,1.4296450133121739,1,175,2.9130017301189373
4.508292533056259,4.616860279451899,2,118,2.1097896130864062
3.781793339606979,1.6799215522393898,4,166,0.0
1.28118281821998,1.1507430475300753,5,71,0.0
2.181813785605272,5.90926229027259,5,114,0.23982656151424023
1.2806275270445107,5.193183835856097,4,112,1.2557931384727825
2.558671463066919,1.5406650981441268,5,103,0.0
1.5779726734867894,1.8550757300333633,4,90,0.0
3.591038362254867,5.486239789686765,4,176,0.3409581441451446
2.3162682631457496,4.931926136982549,5,194,0.131701638917658
4.426059961582847,5.833098114427942,4,129,0.03435571232474467
1.4603707118279527,4.68687042157207,3,172,6.653261442141124
4.90222138327144,2.116944533962567,4,92,0.0
2.682794388396098,3.7323531230934046,2,120,12.255295865833116
2.4990347615296487,2.775859211957771,1,194,16.041867652295757
3.156665963641079,1.7046882010775497,4,94,0.0
2.571241586566349,4.270271393179441,4,145,0.0381332175506402
1.3132056196577708,5.917692165336549,5,135,2.0288082157239318
4.396670047721564,1.231917682590782,1,187,0.341299076135166
3.8991353035717258,2.452579912138323,3,140,0.03633936642892398
3.2718409941741036,2.7193623078305214,4,184,0.004317565900201714
4.571736673716089,2.465721961420141,5,93,0.0
2.024896835129364,4.9530696555488065,5,103,1.0444488803722949
2.145303991218502,3.7426548383764393,5,185,0.03512541981112068
2.972213827362148,4.369143065919197,2,183,6.87891650337578
2.1731288920715737,3.355563502329023,5,116,0.0019594045916537183
3.0881158738365317,4.279610988832549,4,92,0.27126138611418543
4.610339919064968,3.540081253230047,4,140,0.011294918547671224
1.9766678599999739,4.08403266923057,2,151,21.070947960261016
4.4841195283274,1.7504773853426987,5,132,0.0
2.088351527912996,4.154036985213539,2,100,6.459913987230366
2.9886958064561844,4.052250677560767,4,110,0.009817641742760036
2.4697929498327724,5.671417725082319,3,182,8.323733851725502
3.0884058162835655,5.08810028147189,2,180,5.325460277468198
4.27855973546035,4.451019719816717,1,178,18.87625092969416
4.464894965855014,5.359930887033844,2,145,2.1259324282059566
3.9235974340110564,3.2385363727688388,4,73,0.0
3.1811864677983634,1.203872822896134,2,101,0.0006079494461122542
1.9895508173624958,2.597337473334826,5,58,0.0
1.6353881280772113,4.492365209651195,2,156,38.42129315925353
3.5401856132130143,3.026638562378768,1,171,9.933841689670091
2.247799747719231,3.79790906659699,1,69,47.78540191405359
4.708083562593455,4.460069971939525,1,117,35.6940322355652
4.475417962845782,1.5451096757829543,4,89,0.0
4.27493615565807,5.259166958025107,3,165,0.11306083049617895
2.486578099160053,2.1515878881754733,3,143,0.0642694255264507
3.7570087952182227,5.353501322581376,3,141,0.18440295274493163
4.5934426577117025,5.847746032217995,2,76,1.1011860926637604
4.129182051029236,1.131347439634621,1,117,0.7678308633172951
3.0297216267967895,4.723723819657949,3,163,1.6565593899128606
2.7097179010339354,3.45869101153144,1,117,47.91550533566634
4.122493979980206,2.688494140537951,3,108,0.010843170802824412
4.825454763831346,2.4820861858373435,4,149,0.0
2.8834099829343063,4.551092363434867,4,119,0.0
3.123187818084829,3.36971687528482,4,79,0.004608721667444047
4.120504905297443,3.6089319210284834,1,100,7.391670146677095
2.098441453165721,2.5544430033603267,4,111,0.0
2.8134083633895797,4.275407034352066,4,108,0.025676549698079556
3.5949563785686443,5.072962631511208,1,156,133.5054829011146
3.3934400833479383,3.4159297203100416,4,116,0.0
4.016509880407657,3.5222975125605087,3,149,0.017611155005385765
2.0065565396435416,1.3076679974266066,1,134,3.5916163915681367
2.994147405251451,2.3284204343315444,4,107,0.002935251106632394
2.5246965554492675,3.146779167334072,1,177,42.534159262054764
1.9205473750006345,5.501800311795623,5,154,0.3707699207052862
1.0041578788706271,2.5013848240629817,2,95,17.901298599744955
4.961015416117644,2.6574650570199774,2,156,0.2836234951485759
1.6210197822407473,3.4948055493874537,3,163,1.015616510683236
1.5158018834155729,3.5523943059585736,5,135,0.08421771142902046
2.974537845171793,5.217701700149933,2,97,17.578856815175204
2.1091256409546957,2.299269023144543,3,111,0.18629649416624006
3.5317844388223962,4.704764757554658,4,123,0.2253338403441896
1.3802832016454762,4.615010606017991,4,137,6.817185002990226
4.089183885824426,2.446981352701495,5,126,0.0
4.049331112598556,1.2146383372021476,5,52,0.0
4.400310515727979,4.263925425967505,1,113,12.929260424869838
3.5429362222097023,1.4077400498974941,1,133,0.8928952881824124
1.0146981299804971,1.400318334629124,2,151,0.708026798466159
4.788841955468564,3.1396648584764186,3,59,0.0
1.654661888254466,4.024552763584155,1,109,107.42572242871096
2.282858100299403,4.4072089771537915,2,56,10.260152807555304
3.6418253897054442,3.2378762791692774,5,57,0.0
1.6741654225719156,4.656740169034616,2,51,18.11692208298899
1.2443721461492396,1.8381233499965872,1,145,28.406038985363494
3.3735622416019395,3.4858723914716907,1,74,46.142962622364564
3.6164360280450527,2.368279581075357,4,63,0.0
3.1967839222119134,3.252134009262642,4,56,0.044315775841409
4.82943368210814,3.6602669398658922,5,175,0.0
3.057342056748538,3.301723957966668,4,178,0.10391420914524666
4.525320361904944,3.406671077905942,2,89,0.319563979957492
1.787934278255808,5.584902459914505,5,57,0.6012509028010866
3.7466640546756302,4.904387575502849,1,109,106.12193238036197
1.5182501644256048,5.943890687573859,3,97,21.8019870113165
4.013680144889162,2.7363263559768756,4,187,0.006556528701503096
4.274209784412938,4.410860378857601,5,72,0.0
3.5370409135252063,5.215150986029484,2,148,4.237249634102512
4.1812030457036915,2.2062762793996558,4,195,0.0
1.961530466087046,5.271238181017362,5,154,0.33907214955438003
3.1912733677453837,4.888454896953266,2,130,6.402513686766885
1.5082729136457256,3.60566775678884,1,145,146.41688307521656
2.5461701269404076,1.417978175798261,4,84,0.0
1.494229349832858,4.843739232797834,2,129,62.55283304597791
1.6211568237753542,1.191407307764505,1,121,5.128759160312659
1.1889794350652951,5.847918853969082,2,179,143.45746486139856
1.2696906203901834,3.2469385848803785,3,113,6.583257137756216
3.8115739457573885,3.6443423143001796,1,150,13.700142721518633
4.203069089231965,1.7187463989614429,3,104,0.0
4.711437184179968,5.013033464935072,2,194,4.428722712381858
3.7158858638648766,1.7077280573144051,3,160,0.002994163068893485
3.554770122774587,5.899259564232599,4,162,0.3515434733252679
2.398287459296093,5.189441597835226,4,137,0.11260771303523796
3.4311544031790056,4.4276220500139445,2,132,0.9082217895703553
1.4517984085110398,4.6431072616508064,5,154,0.5614043974655399
1.5377700318235004,1.5029943102735772,3,159,0.041989976092182336
1.612700049995257,5.906051211976647,3,87,23.42301690571273
1.909655230833038,3.1729642604917636,5,78,0.011347212023775564
1.9744027448238275,3.2061691718647998,3,128,4.270968730690014
1.515719719630678,1.5213095713172688,1,188,7.2486144815160145
3.090079345512123,1.474489643209931,2,75,0.010233071570339121
4.7226907256779835,2.2922812183670396,3,160,0.014848451752136959
3.143502860337066,5.776377385752184,3,74,0.6874398026106545
2.6828025748811775,1.5526059297008707,1,50,0.8834427158744567
2.700790308243621,4.083008483147514,3,200,0.25794280658109137
3.729978318227775,2.0193109326322154,5,142,0.0
2.0324873174108973,5.937684115065592,4,59,2.5601009555597765
3.3111797016512043,3.761616721431117,2,71,1.2774705002678948
2.9961100216523624,2.5106398200649633,4,169,0.0022112113371959693
3.4338661502910757,5.705920359387937,5,171,0.01308166021206719
1.661108089705965,4.962750521935921,5,115,0.07285729966066769
4.444567748948548,3.337872587288618,3,69,0.647081122265109
4.542659754714192,1.4944410297071111,1,64,0.5675047656033954
1.7858323557160198,2.8348373134288813,2,134,5.72825705698537
4.474258256484241,4.011275539188507,2,115,0.5328310155666178
4.962853286631783,1.55650051517316,2,114,0.08096134351815422
3.615249945380648,3.8890922302265363,2,126,1.264604730925277
3.1603544840795106,2.028706935204462,2,73,0.0915230817263284
4.280663925962411,5.680182231005767,2,143,8.715811258324102
2.548795920892645,3.7207970660536884,1,71,32.09770870824606
4.001464428508806,4.489220854512703,2,160,0.9315756971746325
3.551859346294497,2.324460115741287,2,153,0.34960332351662027
1.5023440809152855,1.6465756491390091,4,113,0.0
2.660862825269495,2.7126651820155536,5,92,0.0
2.9341724770648203,1.2715879607754474,4,63,0.0
4.99196713937409,5.292431129060043,1,190,91.70009392953381
1.4666608396661047,5.634716857538869,4,131,3.722901386135136
4.990549040749949,3.480323740104586,2,152,0.20013082082991218
1.81876861507038,1.1829727712559148,3,70,0.002444753207096336
4.9387690051586155,3.9112943221605474,1,158,20.028243429552408
2.6475617729079026,2.0100063086080753,3,153,0.04829454911605496
4.000806414172411,4.734477743365718,2,118,1.2544807848583754
3.474815736438295,4.984765994018558,1,96,58.672069864968876
4.409559872141907,1.148186898991699,5,57,0.0
2.494086839654537,2.1710686201210136,4,111,0.0
4.715457466311076,1.046202557086152,2,146,0.01608807044365537
4.411873705994905,2.249157867852229,4,188,0.0
1.715121945562029,1.5547180639676363,1,149,8.524767364623509
1.5755533276836062,4.955777758528933,1,165,289.223487716673
4.0608779613924515,3.1143813319428277,5,142,0.0
3.846634535107199,2.0791016165227765,4,192,0.0
4.5786280668665365,1.7228809175281898,5,78,0.0
4.369153717619321,4.707199218843819,1,134,22.308417964939135
2.4182841534170785,4.844692385606283,1,131,250.63863452852138
1.2061520743549496,2.526984848725728,3,119,0.5106237668346209
4.445215903479144,4.772234841700131,4,150,0.01719470254578975
4.61459079959668,5.7535931148862565,2,139,1.2254049457462837
2.272580887184596,1.6742978178337256,5,116,0.0
1.652055786418968,3.9027947356201573,2,107,38.164882327252656
4.768951713104027,3.97993951038914,1,102,11.326627184144613
2.8526973000487303,2.224264745563251,2,174,0.23803525672952988
3.5330594440055427,2.3892593483160107,5,110,0.0
4.366833225247124,3.7219236931182005,3,88,0.26867686645221894
2.0413947523021814,5.874501789078473,4,156,1.7509084616208967
3.6270913697493006,4.605731868596944,1,127,106.11693414541699
3.840121576918811,4.3776353453033705,5,64,0.0
4.539209015595649,2.5604932625527224,5,80,0.0
2.2515569146616947,5.3095370437124085,1,132,254.97831820274035
2.866044928256366,1.7733907142108287,1,146,2.0007443745425797
4.611494318466269,2.563249526137911,1,54,1.4991656328433844
1.7124434831204964,3.506674406898952,2,149,10.247364678465098
4.160988462728122,4.877560823994655,5,166,0.0
4.279926064183476,2.4054881981441163,5,98,0.0
3.2992088161172513,1.6551877371533932,2,178,0.12078753993174625
1.0596236029088542,4.184339287217907,2,150,57.98633495043828
4.755977721677587,3.488530337695363,5,147,0.0
3.2671919306747355,4.867422971825185,2,51,6.166761550559387
3.3606073884747607,2.4891567741894782,2,95,0.24653103485258504
2.140045087945698,5.653430008856398,3,121,18.919609268557604
3.409570585076139,4.067643764139758,2,50,0.31733550482158945
1.352888000420041,1.6631061360001578,4,111,0.012208521340071657
2.0723043017378147,2.88782695516789,1,162,44.19823905797532
1.2402225050803781,4.205085487543509,1,124,185.44336086551368
2.003349766314683,3.2990390754874563,5,178,0.011318073132246658
2.5064440565180948,5.426484439427145,5,176,0.04145278024814565
2.204140070705445,4.2680183595249055,5,62,0.0651675379561159
2.2330052072190743,2.3131146693660867,4,192,0.049600526864953975
3.552681866668533,4.935983058866439,5,117,0.0
4.421761648138747,5.43514735437822,3,186,0.5174123488257529
2.882870153245174,3.5263708806376206,1,117,44.847828619854994
1.6124705905960872,5.358267938940688,2,103,59.549704446063814
3.5825658903289077,5.7514757351918995,2,155,3.030496204936158
1.459756115421778,5.017563124983058,4,58,3.664636657738473
1.8659610515875795,4.31457963753564,4,95,0.3319085541764412
4.5922964192317925,1.176787842104979,1,158,0.2636265349573829
4.163693883386958,1.3573033720067693,3,66,0.0
2.8626000989232336,4.635837110714352,2,73,3.989512756499285
2.965470531123493,5.800970185534503,5,138,0.06003092048388328
4.920917623543037,3.268429424240004,1,155,6.313001284928893
4.027036959345989,5.629763339533485,5,163,0.02884363037376721
4.168416803557625,5.015801990424257,5,160,0.0
3.060912155640624,3.592289882543149,5,169,0.006469785032590161
3.189538668676369,5.1735571002544445,2,139,7.601980754816052
4.788354147216587,4.460641260099586,5,73,0.0
4.620923141986159,4.66297846172002,4,106,0.028843135079729378
4.814206648796196,4.271551247948466,5,87,0.0
4.240650916940778,5.620445388412002,5,75,0.0
3.1457030805609816,4.944038326997788,2,173,4.6110627942739315
1.0854596168765318,4.91244150426855,5,199,1.441263529175957
4.838384293645669,3.93388896559539,3,73,0.040834962004243976
2.4235222921063593,1.5969272514453077,4,175,0.000840354510042159
4.862818381073151,3.3584596719415067,2,130,0.2812434753399655
3.7897254137992338,1.3252007387824085,3,186,0.0
4.231797954300481,4.58225107887224,5,56,0.0
4.14017629462093,1.2201898807882015,1,105,0.5123357058333209
4.074364555857175,5.824587540819147,3,198,0.4936207472532307
2.0943654172913604,4.954447706479275,5,138,0.18745559673212245
2.780409656768897,1.709532198504104,4,138,0.0
3.245979076831308,5.767156784281407,4,125,0.04059264778974125
4.62431960858439,1.9895079099326591,1,106,0.8937947729848412
1.6344750148413025,5.883563031754522,2,184,91.99644513094951
3.3762114071697638,1.1887736826782527,4,63,0.0
3.9168821444989614,1.8321544280183069,1,160,1.8324033592942457
3.3765523035230576,4.529096526174738,1,180,56.32848202182996
4.069251525339908,3.714957925141542,1,69,14.864766949676905
3.8737925305043475,4.666152872240094,5,191,0.003324882632030986
1.4206415630142257,4.051406039514662,5,143,0.1089175357959702
4.214616497286853,5.85227124996505,3,149,0.031842282201741706
2.0154470419745945,4.151981210675364,3,90,1.0917492476984425
2.8263789703368944,4.749114194035013,1,101,83.17197365666125
3.4851568028762894,3.2940597807901426,1,100,10.067250062021536
1.5612475834651183,5.573345926852282,1,127,232.9801979343067
3.028585185178842,1.5589955669902646,3,133,0.03868438563482197
3.989431730472465,5.729280584155811,3,107,0.45340710917432325
1.7898660293885977,2.267749047204033,5,112,0.005415191506697781
4.547298979680991,1.3798241937638531,5,176,0.0
4.283154763541328,4.649097036792762,2,152,5.3234205297187644
2.420517942776495,1.7904215025157724,2,170,0.2292208576258441
2.7070905884085534,4.355465702386811,3,70,0.08959795487936902
2.7209419530978582,5.247491025249312,3,107,1.5929284992349162
1.203448661293773,3.0504924101656967,4,187,0.8796822594349628
1.4352389854977465,3.07460128534595,2,141,8.400038359024652
1.5473285109903547,1.5934848487656192,2,154,0.7483968428571846
3.650231621968438,3.1454305206825843,4,182,0.024983733451019792
2.448654594248518,3.89173000346842,3,91,0.23511732680966219
2.364086915846465,2.1621406422606846,5,163,0.0
2.7077191668988285,1.9339191743278779,1,53,4.409704190554546
4.540797226567843,5.174312471583436,3,138,0.41695540863598135
2.0709124236642866,5.677248151910253,1,65,105.36649640993552
2.6523674726852584,5.223596070787327,4,150,0.19564966939796744
2.866883679178271,4.017316655370429,4,125,0.05247155665566771
3.494439679799717,2.544920598060946,5,198,0.0
1.6561998612708653,4.494064066569487,5,87,0.13255706729549344
1.2567425803399397,5.145084920405718,5,145,0.7676991047593137
2.223260885560075,2.932458446993314,4,156,0.04829546826981279
4.642425416462631,2.01383683958709,1,62,1.1630602146268543
2.1104717437872735,3.3813801131788352,5,82,0.01112299748725004
3.6390531331741385,1.8893385014068316,3,64,0.018352814981316523
2.702758504348085,2.7523369642671165,2,186,0.6121567883843992
4.164930358974083,3.2340729228263134,4,196,0.026795805838666375
4.429332382510667,2.683332109998062,4,188,0.0
3.1114316278948397,4.018480120974187,5,121,0.0
3.7682722313906574,3.8331373187084457,2,149,0.6788225521304848
4.533157623999058,3.266230671052031,2,130,0.3718835641838572
2.219116959565624,1.379784361761459,5,145,0.0
4.939997620621634,2.043724743268672,5,95,0.0
4.954521670746507,3.0114719882805576,1,56,3.758597310004507
2.9410465305742077,3.2523078194459374,3,129,0.20097777510892612
4.622760752159875,3.140586419050897,2,179,0.41856817160065474
2.547338041553362,3.8674815690154762,4,145,0.06193367952309986
4.710303374751853,2.276659553823662,4,169,0.0
3.8606423920264086,3.226096120934642,5,97,0.0
1.5945216285101567,1.594501232994789,1,50,2.1115936682347267
3.373683220012168,2.175377847487044,5,175,0.0
4.691849011724692,5.108748419294715,3,182,0.4348569404005281
1.3093434542563736,2.3012541353679383,1,91,32.87384346121342
4.483634741160731,3.2609891832951394,3,168,0.10397400829798517
4.487025272130051,5.716747932886936,3,164,0.568476697912105
3.2963527029765243,5.076122829130579,2,101,2.815838475999549
2.2361163725371567,5.778446446179296,2,151,37.008844786209494
4.83817248888664,2.844707348162728,2,69,0.27030123752852253
4.154299378250859,5.508016901251062,3,132,0.22958161030708146
2.3609805126608534,1.377731821622539,2,190,0.08675802379979375
3.785735860442891,2.2632235131368126,4,61,0.0
4.658661354855303,2.1341401270185414,2,194,0.07660322515559231
3.2568488846081585,4.486446798392856,1,135,98.67384906014982
4.079929675505615,2.445975291447544,3,194,0.0
3.0833256338350514,3.3037133080428482,2,192,1.0810558101386456
4.928976851182961,2.6790763335407304,4,85,0.0
3.4340135949316415,4.74554193560658,2,123,5.172873756642065
2.583255036292818,1.715240211337365,5,177,0.0
4.8117987509343365,2.4801495800050617,1,193,3.828162157406981
3.9342789419608306,4.852599993653465,1,85,54.90334185216971
2.533897556263827,2.0849999370081775,5,61,0.0
1.1252090648377497,3.922298238498899,1,134,212.85038256693497
3.5662096772504466,1.2650113140882893,2,69,0.04343160236142152
4.438652816261629,4.2783374755250785,2,193,1.073586976153566
2.063348455558344,2.2781234096495417,2,98,1.5058911600415146
3.071988950811823,4.835332419869806,4,178,0.060053771772167946
4.340848563817395,1.6452138715529876,2,190,0.025316791088951983
3.2213261959542625,4.3227868305182415,2,190,3.800009486196651
3.4579485871813884,3.6130490868342626,3,64,0.0931853299718367
2.200900594547877,4.2872370045776185,2,59,6.708609242208344
3.8221701723269357,1.8383225353317036,2,55,0.3572702327261785
4.742410148059419,3.5588940799788276,3,106,0.15311851122671488
1.3487143169218907,3.2996576937614654,4,152,0.823847013541072
3.2978875473317673,3.4888137836759228,2,69,2.115005740309587
4.459772175622085,2.8634127805864393,2,95,0.2947284705768415
3.234414452491455,3.400457584952957,1,70,7.673814223025425
3.3654600133391575,2.408568280303248,5,91,0.0
2.272637221268531,1.5556453828527723,1,200,5.769140114703635
4.640192973092278,5.807543276672218,2,136,4.7781837288174716
1.0747049672753244,3.883009878795069,4,52,1.8575126548759284
1.0287179392392813,3.513889583542172,4,64,6.485898115486585
1.689992437658832,5.752572540805744,1,71,124.4802598082327
1.5766746964380074,4.568749088346196,5,110,0.36166125882856504
1.7728000398184611,4.185947712205793,5,191,0.09347798745084174
1.3553189682657254,4.057313417455388,4,62,2.479041270039073
3.7203379462520045,5.29434334562666,3,92,0.5295036506170764
2.348698069299249,2.0906456114874628,1,113,13.294999033050937
3.930144595018886,4.029954542073294,5,137,0.0
3.6081284319213407,3.65544879975324,1,165,22.570223375357415
4.689424646859262,4.08433164071248,5,162,0.0
3.662668680440561,5.699050762979894,3,73,0.23720399221097108
2.2621301223856483,3.6237361084410966,1,200,90.19875350000483
1.0017302560408616,3.129250806660355,3,57,6.332222682694881
4.5645768419918635,4.796941906277688,5,122,0.0
3.4748712949664853,3.2750123501118806,2,104,0.44335134460292697
2.6108057712131294,2.044197723857792,4,137,0.0
4.541973887463589,1.0770169234861235,1,190,0.2650780364136586
4.3781266908376555,5.846333323762786,2,178,4.6654674264808484
1.8713527888889367,2.727953060522869,2,148,3.3915372111548634
2.7421331865015293,5.262162214092495,2,92,6.727299739804326
3.769295211304129,2.7868189781510795,3,155,0.03756198124676647
1.2686155332977034,4.914712811914873,5,108,0.14661744387532938
3.255636578820539,1.140722270114952,4,130,0.0
2.6988117070926583,4.955014592918123,3,154,0.22556134175489112
4.9267156094706515,1.6314454020903844,5,131,0.0
2.891325663425525,1.2748598084289418,3,91,0.002491630411315581
2.0893315718364267,5.419410476013608,4,90,0.14596665358950278
2.500954552646355,2.281027275649573,4,61,0.00032160902886008055
1.987514619748104,4.230296106857894,5,150,0.10295288746965586
2.2414107656669966,4.035454838023407,3,74,0.446704199890333
4.797021247483414,2.3840546037406116,4,168,0.004173855234485572
4.23595942405089,5.4273056733266465,4,69,0.06271459019294905
3.3209487681197998,3.8977845255325057,4,81,0.05136382293659885
1.501497380995108,3.0987735933691103,1,187,143.3419145110863
2.6563024950535765,2.058025320584105,5,124,0.0
3.559058461299212,1.078300923483536,5,151,0.0
3.6598725798561746,5.183770243655468,1,55,46.05092991695444
1.8571914173740391,5.173659517209868,3,57,2.4785251680739004
3.8443381694025565,1.6595783501344343,2,173,0.08771725593214613
3.8826158704058225,5.153184466541581,2,171,4.09001444318999
2.804957612783906,5.494277575306798,1,187,288.57452870372805
3.574629219676622,3.3806936601542095,5,137,0.0
1.310661194884858,3.715298851160944,4,186,2.342518333753235
2.985862409938469,3.0040432311714893,3,195,0.14480083740005012
3.077819229125199,3.3466845484288372,4,80,0.005886029025228723
4.824797832730354,5.8108554170059765,1,174,92.023295973202
1.0354574419936085,4.151791084499793,4,164,3.768241118147836
3.93681068580745,2.443379404952103,5,97,0.0
4.790645241763775,5.599438568244661,2,111,1.774448604838298
3.3838999284954636,4.623471464730419,2,70,2.184122039028043
1.2745134166499517,1.1566148903659665,1,138,7.46741325895569
3.7640857276860102,4.517595790221715,4,126,0.063661224157194
1.2979081148300042,2.4394866827593873,5,104,0.047198530564640975
4.902950868289738,4.253730156144901,4,164,0.0
3.032773603463311,3.85038382065194,3,163,0.11033173560870851
1.2883110842552052,4.7653310059922696,4,152,3.540826877320816
2.9024593944345924,1.5952136470703278,4,162,0.0
3.626106302147128,1.3021936919510697,5,113,0.0
2.132310497605654,4.681852907079017,4,121,0.8725896935486246
3.7711893541621895,3.4136628336454367,3,66,0.06604957997812302
4.029647101812422,5.698596324236753,2,113,2.650945571371821
1.4392715571357253,4.4287363003959985,1,150,241.17395141939807
2.904435361414436,1.2795733925990584,5,71,0.0
1.7342429364866447,4.879185869192501,4,109,0.28276100289560785
1.4686368760200983,4.697700854917569,3,87,11.198135663985987
1.7591396116675924,3.9249629620542708,1,53,43.732022532074055
4.215931502490376,4.431940074259068,3,145,0.46684815813186487
2.286294922466014,2.5297127161224697,1,51,24.94420892827701
3.9957170652391865,5.023455420404262,2,143,1.0339917830807746
2.3744322685853145,3.8968775211037627,3,74,0.23000894139688316
3.2820695658182206,4.389839269142065,3,88,0.28886281135995223
3.0340120189846624,2.449629721562062,4,156,0.02665942048115328
3.5122029429316806,3.7827903108814738,4,65,0.0
1.7673022447305335,3.837353512956566,5,108,0.5598315713412311
4.355129031041178,4.273002548613925,1,148,11.103617189751558
4.883275941846918,5.712041579635037,2,155,2.8262278052576586
1.1416189088303175,5.564895573380488,1,128,248.64135148401095
3.5395435676599325,5.347409824230001,3,106,0.22435529033381788
1.464446514777094,3.8273502600844695,3,175,1.9762189433269388
1.593168463379588,2.1517452229670733,5,150,0.018866375229512376
3.8939688335529246,1.753645988234502,2,194,0.07001276891139681
4.409319290375326,2.524259962381562,2,190,0.296387542608065
3.1029305611216693,5.541503401087554,1,137,238.09955471893431
1.7929964677093748,5.26501284376794,1,178,331.0409038865085
4.717693572080876,2.8497706884490372,4,79,0.0
1.0409394954003872,5.620234929380862,4,100,15.98143770855803
2.819317588870837,4.26137978265854,2,62,2.7851191411489906
3.3997812373898197,1.3937574443420566,1,171,0.5396206071146945
4.8466688225049275,1.1909830455265555,3,70,0.0
3.995195893364978,4.088695660570686,2,180,1.9478155351697695
2.9675068773235345,5.433899091874431,3,60,1.285587393165715
3.567304334114917,2.1277094441217903,5,130,0.0
3.65359844323122,3.6401666845276366,1,131,18.89431500620986
2.070914452663008,1.1411088271242522,5,191,0.0
1.0747064780271973,4.371965487785387,1,193,325.14323658263334
1.0711831002208343,4.938246644508341,5,149,4.180213944412991
3.2477363805249766,4.393835316213635,5,65,0.0
3.655387492573805,3.893921552544791,5,188,0.0
3.6461147235680946,5.922153982085042,4,105,0.09695877592436768
4.509405038078555,2.546416114242339,5,186,0.0
1.62779624188898,5.251695402165953,5,95,0.39441430060433497
2.166688722854002,1.7997881460367895,5,87,0.0
4.762291031950767,1.7918750312369638,4,117,0.0
2.7029234311319654,4.9457548696414015,4,56,0.26195528236541726
4.900769350154408,4.308183874520075,5,152,0.0
1.279518562837422,4.76659581468254,2,175,112.67726036827908
1.3522843795482982,2.504281669223395,2,97,3.110424608484305
3.9796596255464816,2.7751269126410922,1,168,4.549154913915707
4.701616480478869,5.198508523981108,5,72,0.0
2.6841953082413235,2.1049513051594957,5,155,0.0
4.711277004918337,2.927170778179008,3,168,0.0071390132006610785
1.2212007569445018,2.1987286606492713,3,70,0.1367439541461587
3.0719107252425717,1.7791466934729463,2,136,0.0984508293293315
2.7872661952772226,1.1913402606800734,3,59,0.0
2.6884416620002836,5.934240168696997,3,160,5.775047260988415
1.79264610660162,2.2018929320511123,1,155,23.13638634280418
4.0333308766632445,2.9830031371009587,2,198,0.6653355743540346
1.657516323877985,5.949701773635881,4,89,20.36547424808858
4.613111444707826,3.955539056231678,1,53,3.930925723658987
4.4846092449541946,3.5604833742812576,4,69,0.00407570575300406
3.255502391520654,2.255436664403729,1,153,2.7437441182811844
4.765506017701425,4.710572433873123,3,87,0.05658567813085105
2.7589316540736273,4.664995566797047,5,55,0.0
1.5786513977358885,1.8549253621274615,4,108,0.0012737540007684608
1.6068867873382437,4.413292005589093,5,101,0.031734552334896055
4.464898706688231,3.3048493658670894,2,177,0.21279214333198487
1.470074359201896,3.4926844011889453,3,77,1.015873896477975
1.8335290013605459,5.139070329912046,1,153,247.84812706124612
2.3031761764466236,5.964352769595292,5,76,0.026867850218537687
1.4787330801675322,1.5069459248733983,4,65,0.005923094553422459
3.9927268594214667,2.597190037727562,1,199,3.218218678489805
1.1995395013010675,2.2052811486194677,5,167,0.007731959194370822
4.242080755315552,5.852401942778767,5,95,0.007142979254987686
4.381673793515115,5.455625257300254,5,170,0.0
1.2083096558508482,1.529571161774035,2,106,0.6613364238470558
1.7156386541815274,2.160126031099336,5,98,0.0014425128751593011
4.343302670386452,1.5411507488550797,5,120,0.0
1.0291849079275264,2.0016376432778507,1,84,32.726916069157696
2.2885360271615593,4.691573069691115,5,112,0.2803956701612172
2.0327017578565147,4.15620064878503,3,157,2.3650585532485375
3.3437325998181398,4.851427086561596,1,191,121.22551251574012
2.337180355789386,5.880235442578776,5,159,0.4584289410644697
3.9004488854413966,5.844627029484382,1,189,202.71482950677162
3.543136039159789,3.8050833273931564,3,126,0.3999712661088367
3.248287513229952,2.1272183156029767,5,77,0.0
3.2801318079438246,5.5987249577482805,3,127,0.6386526441536585
1.1853273436765877,5.786174646991442,3,198,53.12919232099076
2.5478371506747504,4.034524851989591,5,188,0.020154979085320025
3.587004375523177,2.998956226196581,3,99,0.005631717734426139
4.414461390415149,1.9999962608732815,1,77,0.9696404153948612
1.4822957162292054,4.2103468083110265,4,179,1.1661122127180257
2.888560121051769,4.173941547513637,4,141,0.05866732685866463
3.5076598050482777,1.9645423661535302,4,120,0.0
3.3850135238094587,1.4839515432435382,2,98,0.038481474616682956
3.698940702458695,5.39943386456488,4,82,0.03949176277163316
3.6614337620785755,4.816566003326937,4,170,0.09228065753277623
2.705474719130772,2.7950643652441434,1,178,37.40093512007389
1.9292099281151005,2.0267544999107865,5,111,0.0
2.0358460586392573,2.073724249513658,5,142,0.005184064907188687
1.7079604252418434,5.685461440709425,4,144,3.2418936099399605
1.9710098808684293,4.890510093138104,5,163,0.19020840066988118
3.268618421905145,5.156717073126016,2,53,2.5533943604309317
1.9941381813481085,2.848846186887545,1,197,115.07407451033423
3.387933778988648,3.9601983028700065,3,183,0.12608996051508073
1.3059672195918473,3.1167867773875964,3,53,0.6558930513383013
1.4039026758032755,2.507996845765099,2,153,3.3424139063615472
2.4986879417240506,3.1006899477064414,3,169,0.20453379807263064
1.5350780839341578,3.103882382926743,1,124,100.96125210931193
2.4441126479629562,3.72084928274624,2,193,2.713849326338441
3.7395110855790716,4.6025244254702145,1,64,39.87403734597416
3.4141728195285697,3.184307722763375,1,97,9.542801083631867
2.5260962088210186,1.9151739141523159,4,198,0.0007914096689883035
1.7846620665490924,3.528997182393666,4,171,0.016097304452158696
3.0624084879417923,5.9396417869542635,5,160,0.042545836152016306
2.561133490958801,1.8723965665894147,5,104,0.0
3.960917842017565,5.5336040274624265,2,106,3.0724018843108967
2.2848009168809655,4.8757874331913555,2,117,24.239221846820875
3.996826324493726,5.164438484451639,3,125,0.5179268855524543
4.8864026956796796,4.356220884954295,1,124,19.27104852034374
4.949945729349922,4.3930104394630725,5,146,0.003572281710489733
3.6583958066260527,1.7178322786796032,5,113,0.0
2.212487639217699,5.815341043978762,3,96,10.555771039673978
3.82144399974496,1.0309061126705912,5,198,0.0
4.452094524402784,5.728213359515563,3,91,0.736119436122446
4.436300463174308,3.958946711569083,1,96,13.509111641209003
1.5565995675534987,1.6953506663602382,5,188,0.009621216081635542
4.852015147346764,2.8006903351624737,4,181,0.0
4.252326427088622,2.3528697029696968,5,172,0.0
4.379810708731093,2.9929019138279074,3,88,0.012514049583785759
4.249985571180895,5.437502754614654,3,131,0.3177322796759653
4.672323578843673,5.776096493007136,5,87,0.054916092292827845
1.6865499508778612,5.5490473721486175,1,171,317.3226261754725
2.2555106496344552,4.726013270996542,2,107,32.70582978043386
4.9092321275816895,2.55206233274419,5,134,0.0
3.9621628018452224,5.85958232238772,4,167,0.04499113312528163
4.6458040919342345,2.5712057837752615,5,199,0.0
4.836936871383026,4.729039885456041,1,135,44.217866175643124
2.2163267721556354,3.3749497095832393,2,99,0.8157449984936044
3.570736406995403,5.093995127559916,5,68,0.0
2.6165498910671787,1.218737746523312,5,98,0.0
3.4912652022341994,3.9036474201924674,2,131,1.8490920010928287
1.7195122431337704,3.9465525408883035,1,59,53.51671292495057
4.715030458626089,3.129387408383744,4,168,0.0
2.5586750133204776,3.3251352943897468,1,104,50.129033619268824
2.8370921285168036,2.535866681867024,4,108,0.008286433731004773
3.6670151784092853,1.6822173982969866,2,135,0.06916338222502984
4.90562211669442,1.8321951479813927,2,197,0.024638078013591903
3.4920035444383712,2.220246666649885,3,99,0.007580520099846199
2.204881345653123,3.0367604450982846,5,199,0.05904436314435245
3.2033386380812696,2.318614143855263,3,158,0.022770208962714415
3.5319818525696514,2.291693974409187,5,58,0.0
4.204747361962815,5.561037263144235,3,69,0.05460630432535056
2.23271295724045,4.3331795307448004,5,146,0.004957823201172339
2.8905220258701116,4.3956348877193285,2,127,3.012328015825226
3.6178714024517067,1.9563314324515615,3,54,0.021015390623891714
4.5911513889552245,2.534741145947568,5,80,0.0
1.6972277346448048,1.7342162720277652,1,137,34.33904375623164
4.891739444216354,3.2337193139348166,4,139,0.0
2.2412537988397023,4.525952401884291,4,156,0.25576328540054677
1.6358507034577259,5.219622965076468,1,192,365.74995902092905
3.1489933351563586,2.307907743711496,3,97,0.07821826582788537
4.376097435547928,1.767701529293614,3,59,0.0
1.2038935460066518,2.5737523101319844,2,90,10.362553244151306
2.1444900571318612,3.4891303270455882,2,63,9.41088615575335
1.0803924940831005,2.2389457610988117,1,130,73.88960369377163
1.2888356625784598,3.2681205719426356,3,165,1.4812553953459469
3.9344876553820685,2.181908254586892,1,104,2.173543192753989
3.424333777383182,3.3764162313229913,4,61,0.0
3.530050157584501,4.554813398537895,3,120,0.13119671480668504
1.8233202303164995,2.1597793113023185,4,59,0.10083504135938423
4.514685476681921,2.8053397932641326,5,141,0.0
4.726014405028669,5.45184822842965,3,51,0.5396554458643004
4.3196948371595845,1.5987227265467472,4,127,0.0
3.2152843879425403,3.545678695101467,3,62,0.00475946711984848
2.744453663195977,2.0842472552288465,1,163,3.6860407117706333
2.3762025938503823,1.807876605675799,4,200,0.0054017112168479285
2.223274190968203,3.3862898975519498,1,127,39.394693779780354
1.0125434128693787,4.634654660553472,2,118,46.556212493981725
4.072568768815212,4.417894790419032,5,187,0.00901820096490421
2.8437339635347127,3.8577323806859694,3,82,0.004971733554429686
1.526154560937227,5.535433681071782,5,182,1.579366356186465
3.0301506599630366,2.8341546726169398,3,155,0.06866524982918135
3.312001015073351,4.754724409558889,3,119,0.48673950227512236
2.763623251609505,1.0084709704369645,3,150,0.0010004093360481648
3.861258117638016,3.224898311253067,2,137,0.3665805348865305
4.334111543792234,3.555846138678979,1,171,18.03332789566957
4.714350768949647,5.567351040350435,3,128,0.3444586775320211
1.6340249199047006,5.299311205653364,5,51,0.6160519288682067
4.0885645007685785,3.8383788009121593,2,134,0.994407181158485
3.633048138470116,2.0418489042639716,5,67,0.0
1.7069000083470187,1.8304644236785137,1,107,12.162620458354471
1.9698399752593976,2.6496230806639907,1,100,50.98884455925775
4.047028362981534,5.564383482775819,4,179,0.03435780192967222
3.816137753438954,1.3232691431910202,4,86,0.0
4.584415753754977,4.437006596158698,4,85,0.0
3.427126068866166,2.328437323810907,2,123,0.22928514261789917
2.6993657292562716,5.434810286382348,3,71,1.3606762749718524
1.0375200324001779,2.1099271148553673,5,103,0.01223116137242524
2.03523112163819,3.4713963036574444,3,135,0.12057004047733486
2.416876694692361,3.090520664390938,4,114,0.026623953943410328
